Date,Sales
2013-01-01,57.0
2013-01-02,58.94
2013-01-03,45.84
2013-01-04,45.97
2013-01-05,54.85
2013-01-06,50.7
2013-01-07,51.29
2013-01-08,54.31
2013-01-09,53.6
2013-01-10,52.69
2013-01-11,55.46
2013-01-12,61.78
2013-01-13,53.99
2013-01-14,56.72
2013-01-15,60.04
2013-01-16,58.67
2013-01-17,51.86
2013-01-18,53.03
2013-01-19,64.57
2013-01-20,56.81
2013-01-21,43.68
2013-01-22,42.04
2013-01-23,53.24
2013-01-24,71.2
2013-01-25,72.64
2013-01-26,71.29
2013-01-27,65.67
2013-01-28,66.98
2013-01-29,63.49
2013-01-30,62.39
2013-01-31,61.39
2013-02-01,57.21
2013-02-02,59.94
2013-02-03,59.58
2013-02-04,66.68
2013-02-05,67.65
2013-02-06,65.07
2013-02-07,62.39
2013-02-08,68.06
2013-02-09,63.98
2013-02-10,64.26
2013-02-11,64.35
2013-02-12,58.14
2013-02-13,58.6
2013-02-14,58.86
2013-02-15,60.97
2013-02-16,62.66
2013-02-17,65.73
2013-02-18,69.51
2013-02-19,67.08
2013-02-20,65.43
2013-02-21,67.66
2013-02-22,64.84
2013-02-23,68.4
2013-02-24,73.66
2013-02-25,71.15
2013-02-26,80.08
2013-02-27,80.56
2013-02-28,70.44
2013-03-01,65.78
2013-03-02,65.74
2013-03-03,65.03
2013-03-04,72.42
2013-03-05,69.16
2013-03-06,66.02
2013-03-07,66.1
2013-03-08,72.56
2013-03-09,65.91
2013-03-10,62.7
2013-03-11,67.74
2013-03-12,70.93
2013-03-13,73.31
2013-03-14,70.54
2013-03-15,74.31
2013-03-16,75.27
2013-03-17,83.78
2013-03-18,71.54
2013-03-19,68.36
2013-03-20,67.57
2013-03-21,63.06
2013-03-22,77.92
2013-03-23,86.53
2013-03-24,67.75
2013-03-25,63.37
2013-03-26,69.93
2013-03-27,60.19
2013-03-28,63.42
2013-03-29,72.96
2013-03-30,73.65
2013-03-31,62.0
2013-04-01,69.79
2013-04-02,76.34
2013-04-03,71.8
2013-04-04,67.26
2013-04-05,72.17
2013-04-06,78.32
2013-04-07,72.02
2013-04-08,69.95
2013-04-09,75.61
2013-04-10,64.25
2013-04-11,64.83
2013-04-12,61.92
2013-04-13,59.7
2013-04-14,70.05
2013-04-15,71.79
2013-04-16,68.29
2013-04-17,67.84
2013-04-18,73.84
2013-04-19,77.06
2013-04-20,69.0
2013-04-21,69.07
2013-04-22,68.93
2013-04-23,80.52
2013-04-24,74.75
2013-04-25,65.76
2013-04-26,66.95
2013-04-27,66.24
2013-04-28,68.69
2013-04-29,71.24
2013-04-30,62.09
2013-05-01,60.55
2013-05-02,60.31
2013-05-03,70.32
2013-05-04,85.24
2013-05-05,83.96
2013-05-06,74.81
2013-05-07,74.38
2013-05-08,72.28
2013-05-09,76.54
2013-05-10,76.62
2013-05-11,68.47
2013-05-12,60.62
2013-05-13,59.71
2013-05-14,65.97
2013-05-15,61.39
2013-05-16,60.8
2013-05-17,71.9
2013-05-18,70.58
2013-05-19,75.53
2013-05-20,79.45
2013-05-21,68.65
2013-05-22,56.97
2013-05-23,59.52
2013-05-24,61.69
2013-05-25,64.21
2013-05-26,73.14
2013-05-27,63.51
2013-05-28,57.33
2013-05-29,63.23
2013-05-30,69.49
2013-05-31,68.9
2013-06-01,65.95
2013-06-02,69.98
2013-06-03,68.69
2013-06-04,61.77
2013-06-05,60.39
2013-06-06,57.3
2013-06-07,60.6
2013-06-08,66.66
2013-06-09,48.13
2013-06-10,55.09
2013-06-11,63.1
2013-06-12,60.91
2013-06-13,63.42
2013-06-14,49.02
2013-06-15,43.85
2013-06-16,51.69
2013-06-17,52.1
2013-06-18,55.51
2013-06-19,54.97
2013-06-20,45.9
2013-06-21,53.01
2013-06-22,63.25
2013-06-23,61.96
2013-06-24,53.37
2013-06-25,50.83
2013-06-26,56.13
2013-06-27,58.91
2013-06-28,60.79
2013-06-29,55.36
2013-06-30,44.85
2013-07-01,44.28
2013-07-02,52.61
2013-07-03,57.58
2013-07-04,65.39
2013-07-05,59.7
2013-07-06,52.63
2013-07-07,50.64
2013-07-08,47.69
2013-07-09,52.5
2013-07-10,54.19
2013-07-11,49.56
2013-07-12,42.91
2013-07-13,44.31
2013-07-14,46.0
2013-07-15,52.97
2013-07-16,56.87
2013-07-17,45.63
2013-07-18,49.36
2013-07-19,48.02
2013-07-20,45.14
2013-07-21,52.64
2013-07-22,44.94
2013-07-23,42.76
2013-07-24,40.15
2013-07-25,31.27
2013-07-26,42.77
2013-07-27,47.93
2013-07-28,40.02
2013-07-29,32.93
2013-07-30,35.89
2013-07-31,48.47
2013-08-01,49.59
2013-08-02,42.14
2013-08-03,37.65
2013-08-04,40.22
2013-08-05,34.4
2013-08-06,42.8
2013-08-07,48.45
2013-08-08,48.7
2013-08-09,42.07
2013-08-10,42.75
2013-08-11,46.63
2013-08-12,34.69
2013-08-13,35.08
2013-08-14,41.56
2013-08-15,37.46
2013-08-16,35.18
2013-08-17,39.69
2013-08-18,39.88
2013-08-19,33.17
2013-08-20,37.55
2013-08-21,41.11
2013-08-22,39.74
2013-08-23,38.84
2013-08-24,39.87
2013-08-25,37.24
2013-08-26,31.6
2013-08-27,30.0
2013-08-28,39.49
2013-08-29,30.16
2013-08-30,31.85
2013-08-31,30.73
2013-09-01,22.8
2013-09-02,25.08
2013-09-03,30.78
2013-09-04,38.2
2013-09-05,29.38
2013-09-06,37.61
2013-09-07,46.74
2013-09-08,38.35
2013-09-09,32.91
2013-09-10,28.93
2013-09-11,34.21
2013-09-12,36.91
2013-09-13,41.72
2013-09-14,35.84
2013-09-15,34.59
2013-09-16,35.91
2013-09-17,29.74
2013-09-18,40.59
2013-09-19,42.04
2013-09-20,38.01
2013-09-21,30.71
2013-09-22,26.49
2013-09-23,31.7
2013-09-24,31.15
2013-09-25,34.72
2013-09-26,38.03
2013-09-27,31.35
2013-09-28,31.95
2013-09-29,34.41
2013-09-30,32.92
2013-10-01,27.42
2013-10-02,25.56
2013-10-03,31.91
2013-10-04,39.62
2013-10-05,32.54
2013-10-06,36.58
2013-10-07,39.11
2013-10-08,28.28
2013-10-09,31.22
2013-10-10,39.67
2013-10-11,38.61
2013-10-12,46.78
2013-10-13,44.01
2013-10-14,39.98
2013-10-15,37.71
2013-10-16,39.57
2013-10-17,26.19
2013-10-18,22.17
2013-10-19,30.14
2013-10-20,36.33
2013-10-21,37.92
2013-10-22,41.43
2013-10-23,41.07
2013-10-24,37.92
2013-10-25,35.78
2013-10-26,36.25
2013-10-27,40.82
2013-10-28,42.95
2013-10-29,43.48
2013-10-30,38.5
2013-10-31,32.48
2013-11-01,32.2
2013-11-02,37.28
2013-11-03,46.66
2013-11-04,44.42
2013-11-05,41.05
2013-11-06,31.4
2013-11-07,45.81
2013-11-08,42.3
2013-11-09,43.89
2013-11-10,42.48
2013-11-11,41.98
2013-11-12,46.8
2013-11-13,42.79
2013-11-14,39.26
2013-11-15,34.83
2013-11-16,36.82
2013-11-17,45.96
2013-11-18,46.62
2013-11-19,38.06
2013-11-20,44.15
2013-11-21,39.76
2013-11-22,38.85
2013-11-23,38.57
2013-11-24,35.55
2013-11-25,45.53
2013-11-26,44.64
2013-11-27,34.27
2013-11-28,35.78
2013-11-29,45.97
2013-11-30,43.39
2013-12-01,48.22
2013-12-02,54.31
2013-12-03,49.22
2013-12-04,51.77
2013-12-05,59.39
2013-12-06,42.9
2013-12-07,45.47
2013-12-08,54.05
2013-12-09,47.8
2013-12-10,49.81
2013-12-11,52.27
2013-12-12,46.81
2013-12-13,54.06
2013-12-14,54.89
2013-12-15,55.76
2013-12-16,52.6
2013-12-17,40.98
2013-12-18,45.87
2013-12-19,50.4
2013-12-20,43.94
2013-12-21,38.55
2013-12-22,48.93
2013-12-23,60.63
2013-12-24,63.91
2013-12-25,60.4
2013-12-26,55.09
2013-12-27,54.51
2013-12-28,54.8
2013-12-29,58.4
2013-12-30,54.94
2013-12-31,46.95
2014-01-01,49.83
2014-01-02,55.92
2014-01-03,55.47
2014-01-04,55.65
2014-01-05,67.87
2014-01-06,69.25
2014-01-07,53.64
2014-01-08,56.25
2014-01-09,49.6
2014-01-10,54.02
2014-01-11,63.45
2014-01-12,61.05
2014-01-13,54.84
2014-01-14,51.64
2014-01-15,58.92
2014-01-16,59.01
2014-01-17,63.02
2014-01-18,61.14
2014-01-19,57.67
2014-01-20,64.53
2014-01-21,64.83
2014-01-22,61.73
2014-01-23,63.78
2014-01-24,66.16
2014-01-25,64.56
2014-01-26,64.83
2014-01-27,64.53
2014-01-28,66.29
2014-01-29,67.83
2014-01-30,68.8
2014-01-31,71.37
2014-02-01,63.55
2014-02-02,55.8
2014-02-03,60.41
2014-02-04,65.01
2014-02-05,68.8
2014-02-06,62.9
2014-02-07,64.37
2014-02-08,70.81
2014-02-09,61.59
2014-02-10,64.97
2014-02-11,77.3
2014-02-12,74.58
2014-02-13,65.31
2014-02-14,63.58
2014-02-15,67.45
2014-02-16,67.23
2014-02-17,52.5
2014-02-18,66.69
2014-02-19,73.62
2014-02-20,68.54
2014-02-21,75.3
2014-02-22,75.94
2014-02-23,70.13
2014-02-24,69.79
2014-02-25,74.53
2014-02-26,77.02
2014-02-27,73.56
2014-02-28,76.09
2014-03-01,79.69
2014-03-02,73.48
2014-03-03,66.61
2014-03-04,71.64
2014-03-05,77.74
2014-03-06,73.59
2014-03-07,70.24
2014-03-08,75.34
2014-03-09,77.0
2014-03-10,81.82
2014-03-11,81.95
2014-03-12,88.48
2014-03-13,85.87
2014-03-14,72.38
2014-03-15,71.0
2014-03-16,74.06
2014-03-17,66.6
2014-03-18,72.94
2014-03-19,78.21
2014-03-20,75.72
2014-03-21,72.86
2014-03-22,68.31
2014-03-23,70.9
2014-03-24,70.78
2014-03-25,72.97
2014-03-26,71.54
2014-03-27,65.83
2014-03-28,71.64
2014-03-29,77.46
2014-03-30,79.58
2014-03-31,78.39
2014-04-01,83.75
2014-04-02,78.19
2014-04-03,79.57
2014-04-04,75.17
2014-04-05,69.36
2014-04-06,71.8
2014-04-07,73.54
2014-04-08,82.96
2014-04-09,78.26
2014-04-10,67.51
2014-04-11,75.42
2014-04-12,78.56
2014-04-13,68.11
2014-04-14,72.21
2014-04-15,81.79
2014-04-16,77.16
2014-04-17,82.17
2014-04-18,88.82
2014-04-19,77.5
2014-04-20,77.36
2014-04-21,67.9
2014-04-22,68.76
2014-04-23,71.95
2014-04-24,77.22
2014-04-25,73.92
2014-04-26,76.86
2014-04-27,74.24
2014-04-28,69.56
2014-04-29,69.1
2014-04-30,72.69
2014-05-01,67.98
2014-05-02,72.34
2014-05-03,72.65
2014-05-04,82.44
2014-05-05,80.03
2014-05-06,68.56
2014-05-07,72.78
2014-05-08,70.39
2014-05-09,72.73
2014-05-10,72.31
2014-05-11,73.14
2014-05-12,74.06
2014-05-13,74.78
2014-05-14,70.14
2014-05-15,65.74
2014-05-16,76.09
2014-05-17,82.92
2014-05-18,80.18
2014-05-19,70.86
2014-05-20,74.63
2014-05-21,72.84
2014-05-22,67.89
2014-05-23,74.3
2014-05-24,72.41
2014-05-25,68.42
2014-05-26,66.99
2014-05-27,64.01
2014-05-28,62.35
2014-05-29,63.69
2014-05-30,67.17
2014-05-31,66.38
2014-06-01,60.13
2014-06-02,61.93
2014-06-03,64.87
2014-06-04,65.79
2014-06-05,68.44
2014-06-06,68.69
2014-06-07,62.23
2014-06-08,57.99
2014-06-09,59.37
2014-06-10,58.94
2014-06-11,53.54
2014-06-12,55.9
2014-06-13,54.69
2014-06-14,51.85
2014-06-15,52.24
2014-06-16,52.94
2014-06-17,52.88
2014-06-18,53.39
2014-06-19,57.09
2014-06-20,64.42
2014-06-21,57.05
2014-06-22,61.19
2014-06-23,66.61
2014-06-24,64.46
2014-06-25,60.23
2014-06-26,59.37
2014-06-27,62.46
2014-06-28,63.75
2014-06-29,58.8
2014-06-30,60.47
2014-07-01,66.24
2014-07-02,66.38
2014-07-03,63.9
2014-07-04,56.09
2014-07-05,54.23
2014-07-06,56.75
2014-07-07,53.87
2014-07-08,54.81
2014-07-09,56.62
2014-07-10,55.02
2014-07-11,53.43
2014-07-12,53.33
2014-07-13,53.75
2014-07-14,51.67
2014-07-15,49.66
2014-07-16,51.0
2014-07-17,46.62
2014-07-18,38.88
2014-07-19,44.2
2014-07-20,44.82
2014-07-21,55.26
2014-07-22,60.22
2014-07-23,59.32
2014-07-24,58.27
2014-07-25,50.89
2014-07-26,51.01
2014-07-27,53.68
2014-07-28,43.97
2014-07-29,47.84
2014-07-30,46.71
2014-07-31,39.13
2014-08-01,47.46
2014-08-02,47.32
2014-08-03,40.5
2014-08-04,49.61
2014-08-05,42.09
2014-08-06,36.46
2014-08-07,49.15
2014-08-08,63.26
2014-08-09,55.38
2014-08-10,50.24
2014-08-11,43.41
2014-08-12,51.83
2014-08-13,49.01
2014-08-14,28.32
2014-08-15,34.92
2014-08-16,45.09
2014-08-17,40.34
2014-08-18,42.09
2014-08-19,50.79
2014-08-20,40.96
2014-08-21,40.67
2014-08-22,39.52
2014-08-23,46.47
2014-08-24,50.35
2014-08-25,41.53
2014-08-26,41.5
2014-08-27,40.75
2014-08-28,43.43
2014-08-29,43.53
2014-08-30,47.67
2014-08-31,58.94
2014-09-01,51.92
2014-09-02,46.3
2014-09-03,45.53
2014-09-04,39.24
2014-09-05,40.95
2014-09-06,46.76
2014-09-07,47.71
2014-09-08,43.68
2014-09-09,39.59
2014-09-10,48.32
2014-09-11,50.66
2014-09-12,49.67
2014-09-13,40.99
2014-09-14,44.16
2014-09-15,36.93
2014-09-16,36.45
2014-09-17,40.92
2014-09-18,39.95
2014-09-19,37.49
2014-09-20,42.14
2014-09-21,44.83
2014-09-22,41.7
2014-09-23,49.81
2014-09-24,51.21
2014-09-25,43.31
2014-09-26,39.32
2014-09-27,28.75
2014-09-28,28.56
2014-09-29,34.07
2014-09-30,32.98
2014-10-01,35.35
2014-10-02,47.48
2014-10-03,47.72
2014-10-04,39.43
2014-10-05,32.59
2014-10-06,39.84
2014-10-07,41.11
2014-10-08,47.53
2014-10-09,46.38
2014-10-10,46.83
2014-10-11,46.56
2014-10-12,41.29
2014-10-13,40.24
2014-10-14,43.0
2014-10-15,41.58
2014-10-16,31.69
2014-10-17,24.82
2014-10-18,29.66
2014-10-19,33.36
2014-10-20,38.27
2014-10-21,40.29
2014-10-22,42.35
2014-10-23,41.1
2014-10-24,42.66
2014-10-25,44.44
2014-10-26,47.64
2014-10-27,40.46
2014-10-28,28.61
2014-10-29,31.68
2014-10-30,43.08
2014-10-31,41.05
2014-11-01,37.28
2014-11-02,34.05
2014-11-03,32.99
2014-11-04,38.2
2014-11-05,33.37
2014-11-06,36.13
2014-11-07,42.78
2014-11-08,42.51
2014-11-09,43.59
2014-11-10,41.01
2014-11-11,48.21
2014-11-12,52.82
2014-11-13,43.43
2014-11-14,41.71
2014-11-15,41.53
2014-11-16,49.41
2014-11-17,49.49
2014-11-18,39.48
2014-11-19,46.2
2014-11-20,52.46
2014-11-21,47.85
2014-11-22,43.67
2014-11-23,43.36
2014-11-24,45.81
2014-11-25,42.36
2014-11-26,53.49
2014-11-27,54.41
2014-11-28,59.53
2014-11-29,54.53
2014-11-30,46.75
2014-12-01,47.49
2014-12-02,53.51
2014-12-03,58.5
2014-12-04,55.72
2014-12-05,57.76
2014-12-06,61.07
2014-12-07,60.67
2014-12-08,53.37
2014-12-09,45.11
2014-12-10,40.48
2014-12-11,39.97
2014-12-12,46.61
2014-12-13,46.09
2014-12-14,48.93
2014-12-15,61.41
2014-12-16,59.11
2014-12-17,45.01
2014-12-18,52.95
2014-12-19,57.53
2014-12-20,52.78
2014-12-21,53.31
2014-12-22,49.2
2014-12-23,52.58
2014-12-24,61.32
2014-12-25,55.35
2014-12-26,57.46
2014-12-27,63.59
2014-12-28,58.2
2014-12-29,62.32
2014-12-30,57.36
2014-12-31,58.12
2015-01-01,61.16
2015-01-02,59.78
2015-01-03,62.71
2015-01-04,63.84
2015-01-05,52.7
2015-01-06,48.77
2015-01-07,52.54
2015-01-08,57.87
2015-01-09,66.26
2015-01-10,71.57
2015-01-11,70.96
2015-01-12,67.47
2015-01-13,60.36
2015-01-14,67.46
2015-01-15,69.96
2015-01-16,59.82
2015-01-17,58.55
2015-01-18,70.25
2015-01-19,78.1
2015-01-20,67.34
2015-01-21,74.61
2015-01-22,79.61
2015-01-23,74.04
2015-01-24,64.48
2015-01-25,75.33
2015-01-26,76.26
2015-01-27,65.37
2015-01-28,64.84
2015-01-29,67.91
2015-01-30,64.95
2015-01-31,70.18
2015-02-01,72.45
2015-02-02,62.12
2015-02-03,61.06
2015-02-04,63.06
2015-02-05,64.08
2015-02-06,66.81
2015-02-07,71.68
2015-02-08,72.14
2015-02-09,71.27
2015-02-10,69.11
2015-02-11,74.6
2015-02-12,75.08
2015-02-13,83.3
2015-02-14,77.08
2015-02-15,71.51
2015-02-16,81.45
2015-02-17,74.17
2015-02-18,66.83
2015-02-19,66.92
2015-02-20,71.51
2015-02-21,74.38
2015-02-22,76.57
2015-02-23,83.08
2015-02-24,75.1
2015-02-25,71.2
2015-02-26,78.03
2015-02-27,66.43
2015-02-28,66.36
2015-03-01,73.86
2015-03-02,73.54
2015-03-03,77.65
2015-03-04,85.0
2015-03-05,79.84
2015-03-06,87.96
2015-03-07,83.2
2015-03-08,76.42
2015-03-09,80.21
2015-03-10,72.61
2015-03-11,76.57
2015-03-12,81.46
2015-03-13,80.73
2015-03-14,85.74
2015-03-15,83.98
2015-03-16,85.93
2015-03-17,77.52
2015-03-18,74.49
2015-03-19,85.92
2015-03-20,84.61
2015-03-21,74.32
2015-03-22,70.73
2015-03-23,73.02
2015-03-24,71.7
2015-03-25,78.86
2015-03-26,68.69
2015-03-27,67.12
2015-03-28,71.29
2015-03-29,69.42
2015-03-30,73.53
2015-03-31,73.04
2015-04-01,79.29
2015-04-02,78.96
2015-04-03,75.72
2015-04-04,83.5
2015-04-05,85.54
2015-04-06,82.81
2015-04-07,81.52
2015-04-08,75.48
2015-04-09,78.73
2015-04-10,92.77
2015-04-11,87.18
2015-04-12,75.1
2015-04-13,69.88
2015-04-14,66.0
2015-04-15,72.42
2015-04-16,76.89
2015-04-17,84.05
2015-04-18,83.89
2015-04-19,83.57
2015-04-20,85.89
2015-04-21,88.53
2015-04-22,82.9
2015-04-23,83.91
2015-04-24,85.68
2015-04-25,76.17
2015-04-26,70.94
2015-04-27,78.16
2015-04-28,79.41
2015-04-29,67.21
2015-04-30,72.77
2015-05-01,81.27
2015-05-02,80.82
2015-05-03,87.07
2015-05-04,81.93
2015-05-05,69.33
2015-05-06,76.03
2015-05-07,81.04
2015-05-08,81.41
2015-05-09,83.01
2015-05-10,80.49
2015-05-11,75.04
2015-05-12,74.81
2015-05-13,75.84
2015-05-14,73.8
2015-05-15,75.61
2015-05-16,76.15
2015-05-17,75.79
2015-05-18,70.46
2015-05-19,70.26
2015-05-20,68.53
2015-05-21,65.71
2015-05-22,77.95
2015-05-23,74.25
2015-05-24,73.13
2015-05-25,67.28
2015-05-26,67.32
2015-05-27,78.32
2015-05-28,80.77
2015-05-29,71.97
2015-05-30,74.02
2015-05-31,73.29
2015-06-01,65.95
2015-06-02,62.38
2015-06-03,57.25
2015-06-04,66.54
2015-06-05,76.45
2015-06-06,81.7
2015-06-07,74.42
2015-06-08,67.16
2015-06-09,65.78
2015-06-10,69.02
2015-06-11,70.99
2015-06-12,61.82
2015-06-13,65.61
2015-06-14,72.7
2015-06-15,71.13
2015-06-16,67.22
2015-06-17,56.79
2015-06-18,60.7
2015-06-19,66.4
2015-06-20,63.55
2015-06-21,64.64
2015-06-22,64.72
2015-06-23,64.85
2015-06-24,64.62
2015-06-25,61.87
2015-06-26,57.1
2015-06-27,53.89
2015-06-28,61.01
2015-06-29,64.32
2015-06-30,64.88
2015-07-01,66.25
2015-07-02,63.2
2015-07-03,71.11
2015-07-04,65.85
2015-07-05,59.9
2015-07-06,58.69
2015-07-07,57.09
2015-07-08,53.91
2015-07-09,59.79
2015-07-10,59.41
2015-07-11,60.78
2015-07-12,66.64
2015-07-13,62.32
2015-07-14,55.65
2015-07-15,57.75
2015-07-16,61.65
2015-07-17,62.64
2015-07-18,52.74
2015-07-19,59.66
2015-07-20,57.34
2015-07-21,46.18
2015-07-22,54.09
2015-07-23,55.97
2015-07-24,54.57
2015-07-25,56.39
2015-07-26,63.98
2015-07-27,61.1
2015-07-28,56.9
2015-07-29,53.69
2015-07-30,48.73
2015-07-31,55.0
2015-08-01,58.83
2015-08-02,62.52
2015-08-03,53.97
2015-08-04,51.19
2015-08-05,56.92
2015-08-06,45.85
2015-08-07,39.01
2015-08-08,48.96
2015-08-09,53.58
2015-08-10,48.06
2015-08-11,52.51
2015-08-12,48.66
2015-08-13,39.36
2015-08-14,44.84
2015-08-15,50.18
2015-08-16,54.18
2015-08-17,53.2
2015-08-18,53.49
2015-08-19,46.39
2015-08-20,49.03
2015-08-21,45.7
2015-08-22,49.17
2015-08-23,50.1
2015-08-24,46.56
2015-08-25,45.0
2015-08-26,44.82
2015-08-27,44.68
2015-08-28,38.12
2015-08-29,37.12
2015-08-30,40.18
2015-08-31,45.19
2015-09-01,49.45
2015-09-02,46.04
2015-09-03,46.43
2015-09-04,49.04
2015-09-05,45.34
2015-09-06,31.92
2015-09-07,36.71
2015-09-08,52.32
2015-09-09,47.2
2015-09-10,46.52
2015-09-11,43.65
2015-09-12,38.74
2015-09-13,52.67
2015-09-14,51.35
2015-09-15,39.28
2015-09-16,46.59
2015-09-17,49.66
2015-09-18,47.08
2015-09-19,35.88
2015-09-20,35.58
2015-09-21,43.03
2015-09-22,43.28
2015-09-23,38.17
2015-09-24,38.56
2015-09-25,49.79
2015-09-26,46.82
2015-09-27,45.57
2015-09-28,53.53
2015-09-29,48.3
2015-09-30,42.52
2015-10-01,49.12
2015-10-02,53.78
2015-10-03,51.33
2015-10-04,40.12
2015-10-05,42.25
2015-10-06,46.97
2015-10-07,46.05
2015-10-08,53.59
2015-10-09,45.36
2015-10-10,49.88
2015-10-11,42.17
2015-10-12,32.8
2015-10-13,40.73
2015-10-14,43.06
2015-10-15,45.77
2015-10-16,50.15
2015-10-17,42.12
2015-10-18,40.2
2015-10-19,45.38
2015-10-20,39.16
2015-10-21,39.51
2015-10-22,44.58
2015-10-23,47.28
2015-10-24,44.91
2015-10-25,50.04
2015-10-26,49.4
2015-10-27,44.7
2015-10-28,37.62
2015-10-29,36.26
2015-10-30,40.37
2015-10-31,37.54
2015-11-01,39.63
2015-11-02,41.07
2015-11-03,27.65
2015-11-04,40.44
2015-11-05,56.91
2015-11-06,54.1
2015-11-07,50.0
2015-11-08,48.56
2015-11-09,36.86
2015-11-10,40.39
2015-11-11,41.63
2015-11-12,39.42
2015-11-13,39.22
2015-11-14,45.4
2015-11-15,63.67
2015-11-16,57.23
2015-11-17,55.79
2015-11-18,57.97
2015-11-19,60.65
2015-11-20,62.95
2015-11-21,46.71
2015-11-22,51.11
2015-11-23,58.91
2015-11-24,48.74
2015-11-25,50.89
2015-11-26,47.46
2015-11-27,49.45
2015-11-28,60.24
2015-11-29,59.32
2015-11-30,49.18
2015-12-01,48.98
2015-12-02,55.71
2015-12-03,60.63
2015-12-04,59.51
2015-12-05,54.84
2015-12-06,52.24
2015-12-07,57.09
2015-12-08,66.81
2015-12-09,66.51
2015-12-10,56.86
2015-12-11,61.91
2015-12-12,62.15
2015-12-13,65.76
2015-12-14,63.83
2015-12-15,64.53
2015-12-16,61.94
2015-12-17,58.2
2015-12-18,67.06
2015-12-19,59.39
2015-12-20,57.81
2015-12-21,59.4
2015-12-22,61.22
2015-12-23,63.75
2015-12-24,74.49
2015-12-25,72.71
2015-12-26,58.36
2015-12-27,57.27
2015-12-28,66.07
2015-12-29,65.23
2015-12-30,67.13
2015-12-31,74.36
2016-01-01,75.02
2016-01-02,63.58
2016-01-03,59.32
2016-01-04,64.84
2016-01-05,58.17
2016-01-06,64.47
2016-01-07,68.67
2016-01-08,66.04
2016-01-09,69.35
2016-01-10,66.84
2016-01-11,74.4
2016-01-12,78.31
2016-01-13,65.67
2016-01-14,65.62
2016-01-15,67.81
2016-01-16,72.8
2016-01-17,77.55
2016-01-18,80.84
2016-01-19,74.13
2016-01-20,68.98
2016-01-21,72.57
2016-01-22,75.26
2016-01-23,71.0
2016-01-24,74.65
2016-01-25,75.8
2016-01-26,61.42
2016-01-27,53.64
2016-01-28,61.21
2016-01-29,79.1
2016-01-30,85.17
2016-01-31,80.44
2016-02-01,75.03
2016-02-02,74.22
2016-02-03,78.91
2016-02-04,76.87
2016-02-05,82.24
2016-02-06,89.46
2016-02-07,88.47
2016-02-08,78.85
2016-02-09,75.49
2016-02-10,77.74
2016-02-11,80.04
2016-02-12,73.03
2016-02-13,80.65
2016-02-14,79.52
2016-02-15,77.58
2016-02-16,80.99
2016-02-17,79.51
2016-02-18,85.68
2016-02-19,86.75
2016-02-20,86.88
2016-02-21,88.27
2016-02-22,80.78
2016-02-23,86.25
2016-02-24,92.71
2016-02-25,81.41
2016-02-26,77.69
2016-02-27,80.11
2016-02-28,83.28
2016-02-29,86.44
2016-03-01,96.42
2016-03-02,87.36
2016-03-03,79.13
2016-03-04,88.82
2016-03-05,94.14
2016-03-06,84.44
2016-03-07,85.63
2016-03-08,85.37
2016-03-09,86.42
2016-03-10,90.14
2016-03-11,95.73
2016-03-12,83.34
2016-03-13,75.78
2016-03-14,85.29
2016-03-15,81.95
2016-03-16,78.88
2016-03-17,88.22
2016-03-18,84.6
2016-03-19,79.75
2016-03-20,83.64
2016-03-21,78.36
2016-03-22,91.49
2016-03-23,87.87
2016-03-24,72.31
2016-03-25,78.6
2016-03-26,83.27
2016-03-27,88.41
2016-03-28,94.17
2016-03-29,82.36
2016-03-30,75.58
2016-03-31,77.36
2016-04-01,93.76
2016-04-02,93.48
2016-04-03,93.72
2016-04-04,92.12
2016-04-05,86.7
2016-04-06,79.19
2016-04-07,81.05
2016-04-08,91.24
2016-04-09,90.41
2016-04-10,88.65
2016-04-11,89.26
2016-04-12,99.45
2016-04-13,90.57
2016-04-14,86.94
2016-04-15,92.0
2016-04-16,91.8
2016-04-17,96.95
2016-04-18,88.93
2016-04-19,80.49
2016-04-20,84.18
2016-04-21,89.12
2016-04-22,81.1
2016-04-23,80.33
2016-04-24,82.23
2016-04-25,90.38
2016-04-26,97.74
2016-04-27,90.33
2016-04-28,89.65
2016-04-29,78.11
2016-04-30,75.15
2016-05-01,75.56
2016-05-02,77.91
2016-05-03,87.23
2016-05-04,83.59
2016-05-05,81.23
2016-05-06,92.91
2016-05-07,92.31
2016-05-08,98.43
2016-05-09,91.86
2016-05-10,72.77
2016-05-11,78.1
2016-05-12,82.44
2016-05-13,73.69
2016-05-14,72.02
2016-05-15,69.23
2016-05-16,85.04
2016-05-17,80.04
2016-05-18,84.54
2016-05-19,85.21
2016-05-20,79.32
2016-05-21,81.79
2016-05-22,85.73
2016-05-23,74.21
2016-05-24,73.83
2016-05-25,69.07
2016-05-26,73.34
2016-05-27,76.56
2016-05-28,74.3
2016-05-29,82.82
2016-05-30,72.61
2016-05-31,70.39
2016-06-01,78.98
2016-06-02,79.22
2016-06-03,86.85
2016-06-04,85.5
2016-06-05,72.06
2016-06-06,69.41
2016-06-07,72.66
2016-06-08,79.14
2016-06-09,82.08
2016-06-10,78.67
2016-06-11,77.29
2016-06-12,76.84
2016-06-13,76.42
2016-06-14,75.99
2016-06-15,83.54
2016-06-16,84.32
2016-06-17,80.25
2016-06-18,78.37
2016-06-19,77.7
2016-06-20,66.58
2016-06-21,68.17
2016-06-22,67.87
2016-06-23,76.15
2016-06-24,77.18
2016-06-25,71.6
2016-06-26,78.12
2016-06-27,70.13
2016-06-28,58.5
2016-06-29,65.28
2016-06-30,71.64
2016-07-01,72.13
2016-07-02,67.73
2016-07-03,67.36
2016-07-04,64.83
2016-07-05,57.12
2016-07-06,64.37
2016-07-07,68.45
2016-07-08,58.7
2016-07-09,52.64
2016-07-10,53.52
2016-07-11,61.89
2016-07-12,60.36
2016-07-13,61.6
2016-07-14,57.2
2016-07-15,56.64
2016-07-16,63.58
2016-07-17,59.22
2016-07-18,55.29
2016-07-19,52.33
2016-07-20,61.66
2016-07-21,62.03
2016-07-22,58.97
2016-07-23,51.44
2016-07-24,50.69
2016-07-25,57.78
2016-07-26,63.04
2016-07-27,61.89
2016-07-28,50.15
2016-07-29,52.0
2016-07-30,57.9
2016-07-31,59.77
2016-08-01,61.47
2016-08-02,54.43
2016-08-03,53.43
2016-08-04,59.67
2016-08-05,62.55
2016-08-06,54.28
2016-08-07,48.92
2016-08-08,54.27
2016-08-09,54.47
2016-08-10,52.47
2016-08-11,58.17
2016-08-12,58.41
2016-08-13,57.89
2016-08-14,59.33
2016-08-15,50.78
2016-08-16,53.7
2016-08-17,55.89
2016-08-18,45.11
2016-08-19,48.65
2016-08-20,54.9
2016-08-21,55.31
2016-08-22,51.16
2016-08-23,55.4
2016-08-24,51.64
2016-08-25,47.2
2016-08-26,55.75
2016-08-27,57.8
2016-08-28,54.26
2016-08-29,60.66
2016-08-30,55.92
2016-08-31,40.83
2016-09-01,45.36
2016-09-02,49.34
2016-09-03,47.32
2016-09-04,44.6
2016-09-05,41.88
2016-09-06,43.27
2016-09-07,49.67
2016-09-08,45.31
2016-09-09,48.05
2016-09-10,48.61
2016-09-11,48.36
2016-09-12,57.47
2016-09-13,52.22
2016-09-14,48.63
2016-09-15,49.22
2016-09-16,53.58
2016-09-17,44.97
2016-09-18,45.68
2016-09-19,47.83
2016-09-20,40.38
2016-09-21,39.45
2016-09-22,42.86
2016-09-23,47.7
2016-09-24,50.67
2016-09-25,53.72
2016-09-26,47.13
2016-09-27,45.22
2016-09-28,49.1
2016-09-29,52.91
2016-09-30,46.29
2016-10-01,44.48
2016-10-02,40.79
2016-10-03,42.09
2016-10-04,42.2
2016-10-05,40.71
2016-10-06,47.31
2016-10-07,49.14
2016-10-08,44.85
2016-10-09,52.92
2016-10-10,58.26
2016-10-11,52.26
2016-10-12,45.74
2016-10-13,49.92
2016-10-14,49.22
2016-10-15,47.13
2016-10-16,51.68
2016-10-17,50.46
2016-10-18,37.91
2016-10-19,42.81
2016-10-20,56.53
2016-10-21,56.13
2016-10-22,48.43
2016-10-23,56.38
2016-10-24,50.14
2016-10-25,54.36
2016-10-26,54.52
2016-10-27,42.84
2016-10-28,49.55
2016-10-29,57.56
2016-10-30,56.28
2016-10-31,56.26
2016-11-01,59.8
2016-11-02,58.28
2016-11-03,60.01
2016-11-04,59.37
2016-11-05,58.59
2016-11-06,53.79
2016-11-07,49.5
2016-11-08,47.06
2016-11-09,54.08
2016-11-10,53.85
2016-11-11,50.82
2016-11-12,52.18
2016-11-13,52.94
2016-11-14,42.54
2016-11-15,41.17
2016-11-16,53.67
2016-11-17,48.58
2016-11-18,56.06
2016-11-19,62.97
2016-11-20,55.65
2016-11-21,54.53
2016-11-22,56.27
2016-11-23,60.65
2016-11-24,61.91
2016-11-25,64.97
2016-11-26,70.33
2016-11-27,70.04
2016-11-28,62.02
2016-11-29,61.18
2016-11-30,61.66
2016-12-01,63.15
2016-12-02,49.93
2016-12-03,43.91
2016-12-04,67.66
2016-12-05,72.27
2016-12-06,70.99
2016-12-07,72.88
2016-12-08,63.09
2016-12-09,57.61
2016-12-10,62.32
2016-12-11,64.61
2016-12-12,58.4
2016-12-13,51.6
2016-12-14,61.18
2016-12-15,71.35
2016-12-16,60.56
2016-12-17,59.81
2016-12-18,76.65
2016-12-19,70.58
2016-12-20,64.59
2016-12-21,67.8
2016-12-22,74.95
2016-12-23,69.87
2016-12-24,60.84
2016-12-25,73.33
2016-12-26,77.37
2016-12-27,64.92
2016-12-28,62.43
2016-12-29,63.52
2016-12-30,71.49
2016-12-31,67.51
2017-01-01,70.85
2017-01-02,80.2
2017-01-03,78.05
2017-01-04,68.86
2017-01-05,67.88
2017-01-06,79.95
2017-01-07,75.44
2017-01-08,72.24
2017-01-09,82.05
2017-01-10,76.58
2017-01-11,76.67
2017-01-12,89.18
2017-01-13,88.06
2017-01-14,79.13
2017-01-15,76.64
2017-01-16,72.35
2017-01-17,76.48
2017-01-18,78.3
2017-01-19,68.12
2017-01-20,72.98
2017-01-21,73.63
2017-01-22,76.31
2017-01-23,90.61
2017-01-24,81.83
2017-01-25,77.02
2017-01-26,82.1
2017-01-27,78.81
2017-01-28,83.59
2017-01-29,88.23
2017-01-30,82.51
2017-01-31,77.79
2017-02-01,74.53
2017-02-02,84.95
2017-02-03,86.16
2017-02-04,85.57
2017-02-05,83.4
2017-02-06,78.54
2017-02-07,74.58
2017-02-08,76.83
2017-02-09,87.36
2017-02-10,85.98
2017-02-11,86.44
2017-02-12,96.51
2017-02-13,96.11
2017-02-14,87.19
2017-02-15,96.79
2017-02-16,91.53
2017-02-17,79.37
2017-02-18,78.56
2017-02-19,87.32
2017-02-20,85.41
2017-02-21,85.67
2017-02-22,98.4
2017-02-23,96.42
2017-02-24,86.36
2017-02-25,84.03
2017-02-26,79.74
2017-02-27,88.16
2017-02-28,100.36
2017-03-01,100.72
2017-03-02,89.85
2017-03-03,86.09
2017-03-04,81.58
2017-03-05,87.63
2017-03-06,86.22
2017-03-07,87.01
2017-03-08,91.08
2017-03-09,92.06
2017-03-10,88.93
2017-03-11,88.46
2017-03-12,87.75
2017-03-13,79.4
2017-03-14,78.54
2017-03-15,84.84
2017-03-16,96.36
2017-03-17,106.31
2017-03-18,100.6
2017-03-19,96.7
2017-03-20,91.53
2017-03-21,84.43
2017-03-22,90.06
2017-03-23,88.56
2017-03-24,86.21
2017-03-25,95.04
2017-03-26,95.95
2017-03-27,92.03
2017-03-28,92.3
2017-03-29,85.87
2017-03-30,86.96
2017-03-31,92.77
2017-04-01,90.09
2017-04-02,89.26
2017-04-03,89.95
2017-04-04,92.49
2017-04-05,97.86
2017-04-06,99.16
2017-04-07,94.49
2017-04-08,75.85
2017-04-09,79.19
2017-04-10,97.43
2017-04-11,98.35
2017-04-12,86.1
2017-04-13,87.62
2017-04-14,98.98
2017-04-15,90.89
2017-04-16,83.97
2017-04-17,94.41
2017-04-18,93.78
2017-04-19,88.83
2017-04-20,95.56
2017-04-21,97.91
2017-04-22,102.78
2017-04-23,96.78
2017-04-24,99.29
2017-04-25,96.19
2017-04-26,85.15
2017-04-27,81.77
2017-04-28,78.31
2017-04-29,78.12
2017-04-30,78.22
2017-05-01,86.64
2017-05-02,88.15
2017-05-03,97.31
2017-05-04,90.09
2017-05-05,82.5
2017-05-06,91.99
2017-05-07,93.39
2017-05-08,94.51
2017-05-09,87.93
2017-05-10,88.62
2017-05-11,84.26
2017-05-12,89.63
2017-05-13,86.35
2017-05-14,73.97
2017-05-15,81.43
2017-05-16,87.36
2017-05-17,79.74
2017-05-18,79.46
2017-05-19,77.07
2017-05-20,86.77
2017-05-21,92.55
2017-05-22,88.11
2017-05-23,91.69
2017-05-24,85.34
2017-05-25,76.8
2017-05-26,72.9
2017-05-27,76.01
2017-05-28,80.91
2017-05-29,72.2
2017-05-30,81.43
2017-05-31,80.98
2017-06-01,72.04
2017-06-02,77.16
2017-06-03,80.42
2017-06-04,86.52
2017-06-05,88.3
2017-06-06,89.45
2017-06-07,80.5
2017-06-08,82.0
2017-06-09,85.04
2017-06-10,81.51
2017-06-11,82.05
2017-06-12,71.53
2017-06-13,73.67
2017-06-14,72.59
2017-06-15,75.82
2017-06-16,82.56
2017-06-17,79.82
2017-06-18,80.32
2017-06-19,82.32
2017-06-20,88.45
2017-06-21,81.97
2017-06-22,70.33
2017-06-23,70.53
2017-06-24,69.71
2017-06-25,67.52
2017-06-26,79.57
2017-06-27,79.1
2017-06-28,76.9
2017-06-29,71.66
2017-06-30,66.0
2017-07-01,66.36
2017-07-02,68.3
2017-07-03,75.07
2017-07-04,76.66
2017-07-05,70.84
2017-07-06,72.25
2017-07-07,64.71
2017-07-08,63.12
2017-07-09,69.03
2017-07-10,66.44
2017-07-11,64.32
2017-07-12,67.51
2017-07-13,66.75
2017-07-14,67.97
2017-07-15,72.72
2017-07-16,66.76
2017-07-17,60.09
2017-07-18,63.28
2017-07-19,61.71
2017-07-20,57.91
2017-07-21,57.46
2017-07-22,50.42
2017-07-23,60.54
2017-07-24,65.1
2017-07-25,70.69
2017-07-26,76.74
2017-07-27,68.62
2017-07-28,74.18
2017-07-29,76.32
2017-07-30,57.4
2017-07-31,58.09
2017-08-01,61.3
2017-08-02,64.95
2017-08-03,66.47
2017-08-04,61.28
2017-08-05,62.77
2017-08-06,65.87
2017-08-07,61.8
2017-08-08,47.42
2017-08-09,49.79
2017-08-10,53.88
2017-08-11,62.46
2017-08-12,54.19
2017-08-13,43.48
2017-08-14,50.69
2017-08-15,58.59
2017-08-16,63.14
2017-08-17,58.14
2017-08-18,45.73
2017-08-19,54.59
2017-08-20,57.55
2017-08-21,54.51
2017-08-22,62.82
2017-08-23,61.37
2017-08-24,49.42
2017-08-25,57.03
2017-08-26,51.54
2017-08-27,49.69
2017-08-28,59.74
2017-08-29,66.98
2017-08-30,62.59
2017-08-31,53.61
2017-09-01,54.24
2017-09-02,53.02
2017-09-03,56.73
2017-09-04,55.63
2017-09-05,57.58
2017-09-06,54.45
2017-09-07,52.31
2017-09-08,58.87
2017-09-09,62.61
2017-09-10,62.18
2017-09-11,64.73
2017-09-12,54.71
2017-09-13,51.78
2017-09-14,60.5
2017-09-15,58.82
2017-09-16,52.51
2017-09-17,52.53
2017-09-18,54.3
2017-09-19,51.34
2017-09-20,47.8
2017-09-21,49.06
2017-09-22,54.45
2017-09-23,50.64
2017-09-24,47.51
2017-09-25,52.66
2017-09-26,50.76
2017-09-27,46.21
2017-09-28,42.27
2017-09-29,49.87
2017-09-30,65.85
2017-10-01,52.6
2017-10-02,49.22
2017-10-03,45.46
2017-10-04,49.84
2017-10-05,57.78
2017-10-06,55.91
2017-10-07,54.6
2017-10-08,61.82
2017-10-09,63.43
2017-10-10,63.03
2017-10-11,59.13
2017-10-12,53.66
2017-10-13,47.1
2017-10-14,48.27
2017-10-15,53.99
2017-10-16,59.74
2017-10-17,54.74
2017-10-18,55.55
2017-10-19,51.7
2017-10-20,47.63
2017-10-21,55.89
2017-10-22,54.14
2017-10-23,47.86
2017-10-24,56.22
2017-10-25,67.79
2017-10-26,55.32
2017-10-27,50.43
2017-10-28,54.14
2017-10-29,54.55
2017-10-30,48.41
2017-10-31,51.71
2017-11-01,51.64
2017-11-02,58.4
2017-11-03,52.61
2017-11-04,48.58
2017-11-05,50.93
2017-11-06,56.86
2017-11-07,71.33
2017-11-08,64.98
2017-11-09,65.06
2017-11-10,59.22
2017-11-11,54.21
2017-11-12,59.75
2017-11-13,58.15
2017-11-14,47.98
2017-11-15,51.55
2017-11-16,64.14
2017-11-17,58.81
2017-11-18,66.16
2017-11-19,69.34
2017-11-20,59.56
2017-11-21,59.3
2017-11-22,63.18
2017-11-23,57.0
2017-11-24,57.55
2017-11-25,62.38
2017-11-26,68.36
2017-11-27,55.87
2017-11-28,52.4
2017-11-29,58.07
2017-11-30,64.67
2017-12-01,70.78
2017-12-02,65.6
2017-12-03,64.9
2017-12-04,66.55
2017-12-05,63.29
2017-12-06,55.04
2017-12-07,56.63
2017-12-08,67.34
2017-12-09,71.87
2017-12-10,68.6
2017-12-11,56.05
2017-12-12,66.43
2017-12-13,74.19
2017-12-14,65.22
2017-12-15,62.49
2017-12-16,64.33
2017-12-17,70.47
2017-12-18,64.19
2017-12-19,66.68
2017-12-20,73.0
2017-12-21,74.58
2017-12-22,77.35
2017-12-23,65.91
2017-12-24,78.25
2017-12-25,78.84
2017-12-26,66.36
2017-12-27,76.05
2017-12-28,78.15
2017-12-29,73.23
2017-12-30,77.96
2017-12-31,86.4
2018-01-01,80.06
2018-01-02,66.06
2018-01-03,74.58
2018-01-04,70.76
2018-01-05,65.65
2018-01-06,75.09
2018-01-07,69.28
2018-01-08,72.43
2018-01-09,69.8
2018-01-10,77.13
2018-01-11,80.05
2018-01-12,77.06
2018-01-13,75.4
2018-01-14,77.58
2018-01-15,79.71
2018-01-16,78.19
2018-01-17,71.37
2018-01-18,76.97
2018-01-19,72.55
2018-01-20,71.0
2018-01-21,77.38
2018-01-22,68.97
2018-01-23,77.88
2018-01-24,84.67
2018-01-25,76.01
2018-01-26,83.83
2018-01-27,86.23
2018-01-28,78.45
2018-01-29,78.12
2018-01-30,90.92
2018-01-31,95.17
2018-02-01,97.88
2018-02-02,83.71
2018-02-03,71.06
2018-02-04,82.1
2018-02-05,92.89
2018-02-06,91.11
2018-02-07,88.37
2018-02-08,92.7
2018-02-09,90.86
2018-02-10,81.51
2018-02-11,84.8
2018-02-12,88.38
2018-02-13,85.61
2018-02-14,94.56
2018-02-15,93.04
2018-02-16,90.2
2018-02-17,84.42
2018-02-18,88.9
2018-02-19,90.98
2018-02-20,80.33
2018-02-21,90.63
2018-02-22,97.83
2018-02-23,88.58
2018-02-24,87.17
2018-02-25,85.51
2018-02-26,92.25
2018-02-27,88.26
2018-02-28,92.65
2018-03-01,100.17
2018-03-02,95.44
2018-03-03,102.63
2018-03-04,96.76
2018-03-05,95.33
2018-03-06,93.54
2018-03-07,92.9
2018-03-08,96.41
2018-03-09,94.45
2018-03-10,92.27
2018-03-11,93.81
2018-03-12,90.19
2018-03-13,95.52
2018-03-14,101.33
2018-03-15,104.05
2018-03-16,102.2
2018-03-17,98.63
2018-03-18,98.69
2018-03-19,90.32
2018-03-20,87.78
2018-03-21,89.27
2018-03-22,81.35
2018-03-23,85.77
2018-03-24,96.72
2018-03-25,97.61
2018-03-26,94.04
2018-03-27,85.99
2018-03-28,91.61
2018-03-29,95.24
2018-03-30,96.6
2018-03-31,87.21
2018-04-01,94.04
2018-04-02,103.12
2018-04-03,96.6
2018-04-04,92.41
2018-04-05,100.41
2018-04-06,101.46
2018-04-07,97.81
2018-04-08,90.61
2018-04-09,99.96
2018-04-10,110.17
2018-04-11,101.89
2018-04-12,102.75
2018-04-13,94.97
2018-04-14,92.01
2018-04-15,98.94
2018-04-16,94.68
2018-04-17,93.17
2018-04-18,97.82
2018-04-19,98.35
2018-04-20,98.83
2018-04-21,97.2
2018-04-22,91.8
2018-04-23,81.45
2018-04-24,88.17
2018-04-25,93.68
2018-04-26,100.53
2018-04-27,101.49
2018-04-28,100.83
2018-04-29,94.78
2018-04-30,92.78
2018-05-01,93.46
2018-05-02,98.79
2018-05-03,101.79
2018-05-04,103.03
2018-05-05,104.95
2018-05-06,98.9
2018-05-07,91.8
2018-05-08,86.61
2018-05-09,87.58
2018-05-10,91.57
2018-05-11,91.19
2018-05-12,102.29
2018-05-13,99.24
2018-05-14,90.88
2018-05-15,92.06
2018-05-16,92.67
2018-05-17,95.74
2018-05-18,98.77
2018-05-19,98.24
2018-05-20,92.35
2018-05-21,85.83
2018-05-22,87.32
2018-05-23,94.29
2018-05-24,86.78
2018-05-25,87.54
2018-05-26,87.21
2018-05-27,85.69
2018-05-28,86.89
2018-05-29,86.18
2018-05-30,90.11
2018-05-31,96.88
2018-06-01,90.15
2018-06-02,86.0
2018-06-03,91.86
2018-06-04,85.98
2018-06-05,85.21
2018-06-06,93.33
2018-06-07,87.74
2018-06-08,77.29
2018-06-09,71.23
2018-06-10,77.37
2018-06-11,72.99
2018-06-12,73.45
2018-06-13,77.9
2018-06-14,83.36
2018-06-15,86.2
2018-06-16,75.55
2018-06-17,70.09
2018-06-18,79.93
2018-06-19,86.56
2018-06-20,89.24
2018-06-21,86.83
2018-06-22,84.98
2018-06-23,90.98
2018-06-24,79.47
2018-06-25,78.48
2018-06-26,81.35
2018-06-27,76.39
2018-06-28,74.89
2018-06-29,83.2
2018-06-30,74.55
2018-07-01,75.49
2018-07-02,84.71
2018-07-03,89.53
2018-07-04,82.77
2018-07-05,73.08
2018-07-06,66.18
2018-07-07,71.32
2018-07-08,71.0
2018-07-09,71.8
2018-07-10,73.95
2018-07-11,75.82
2018-07-12,74.66
2018-07-13,72.39
2018-07-14,79.02
2018-07-15,77.75
2018-07-16,79.23
2018-07-17,72.71
2018-07-18,71.5
2018-07-19,75.14
2018-07-20,70.54
2018-07-21,63.93
2018-07-22,62.13
2018-07-23,68.89
2018-07-24,76.2
2018-07-25,74.53
2018-07-26,77.17
2018-07-27,75.15
2018-07-28,69.26
2018-07-29,68.59
2018-07-30,72.68
2018-07-31,76.94
2018-08-01,63.11
2018-08-02,63.14
2018-08-03,69.22
2018-08-04,72.14
2018-08-05,71.76
2018-08-06,64.62
2018-08-07,55.9
2018-08-08,53.56
2018-08-09,50.12
2018-08-10,68.25
2018-08-11,72.71
2018-08-12,63.74
2018-08-13,62.9
2018-08-14,64.26
2018-08-15,64.89
2018-08-16,59.39
2018-08-17,62.63
2018-08-18,62.52
2018-08-19,63.85
2018-08-20,64.74
2018-08-21,66.49
2018-08-22,66.59
2018-08-23,55.38
2018-08-24,54.18
2018-08-25,64.33
2018-08-26,65.16
2018-08-27,64.7
2018-08-28,61.44
2018-08-29,63.99
2018-08-30,60.53
2018-08-31,63.89
2018-09-01,64.35
2018-09-02,56.41
2018-09-03,60.43
2018-09-04,63.41
2018-09-05,57.73
2018-09-06,47.42
2018-09-07,55.71
2018-09-08,65.33
2018-09-09,62.9
2018-09-10,54.04
2018-09-11,52.6
2018-09-12,61.13
2018-09-13,57.15
2018-09-14,51.78
2018-09-15,52.9
2018-09-16,62.29
2018-09-17,58.71
2018-09-18,48.96
2018-09-19,54.77
2018-09-20,65.39
2018-09-21,56.76
2018-09-22,57.2
2018-09-23,64.2
2018-09-24,58.21
2018-09-25,55.96
2018-09-26,58.41
2018-09-27,58.49
2018-09-28,53.63
2018-09-29,62.09
2018-09-30,54.6
2018-10-01,49.05
2018-10-02,54.86
2018-10-03,64.37
2018-10-04,58.35
2018-10-05,60.8
2018-10-06,60.42
2018-10-07,53.14
2018-10-08,48.39
2018-10-09,58.5
2018-10-10,56.48
2018-10-11,54.95
2018-10-12,58.85
2018-10-13,62.22
2018-10-14,57.03
2018-10-15,59.88
2018-10-16,62.92
2018-10-17,61.86
2018-10-18,54.84
2018-10-19,61.75
2018-10-20,66.23
2018-10-21,62.54
2018-10-22,63.74
2018-10-23,50.53
2018-10-24,54.59
2018-10-25,74.09
2018-10-26,61.96
2018-10-27,58.63
2018-10-28,71.29
2018-10-29,67.09
2018-10-30,60.76
2018-10-31,63.07
2018-11-01,61.57
2018-11-02,69.01
2018-11-03,71.39
2018-11-04,62.76
2018-11-05,65.14
2018-11-06,59.92
2018-11-07,57.38
2018-11-08,56.57
2018-11-09,62.31
2018-11-10,66.94
2018-11-11,62.56
2018-11-12,62.12
2018-11-13,58.42
2018-11-14,59.82
2018-11-15,55.55
2018-11-16,55.54
2018-11-17,62.1
2018-11-18,58.27
2018-11-19,59.37
2018-11-20,64.96
2018-11-21,62.2
2018-11-22,73.0
2018-11-23,69.35
2018-11-24,62.13
2018-11-25,56.7
2018-11-26,69.64
2018-11-27,79.36
2018-11-28,61.48
2018-11-29,63.49
2018-11-30,70.18
2018-12-01,73.47
2018-12-02,63.08
2018-12-03,56.96
2018-12-04,61.58
2018-12-05,70.85
2018-12-06,75.44
2018-12-07,67.34
2018-12-08,63.96
2018-12-09,67.53
2018-12-10,72.25
2018-12-11,82.39
2018-12-12,79.86
2018-12-13,74.66
2018-12-14,76.08
2018-12-15,74.9
2018-12-16,82.8
2018-12-17,84.33
2018-12-18,76.02
2018-12-19,74.58
2018-12-20,75.73
2018-12-21,83.95
2018-12-22,71.33
2018-12-23,73.71
2018-12-24,82.62
2018-12-25,77.09
2018-12-26,71.53
2018-12-27,73.71
2018-12-28,73.92
2018-12-29,79.56
2018-12-30,77.81
2018-12-31,95.21
2019-01-01,91.88
2019-01-02,75.75
2019-01-03,74.85
2019-01-04,76.38
2019-01-05,82.33
2019-01-06,87.47
2019-01-07,86.56
2019-01-08,80.5
2019-01-09,80.05
2019-01-10,86.02
2019-01-11,94.4
2019-01-12,85.93
2019-01-13,85.73
2019-01-14,88.06
2019-01-15,81.52
2019-01-16,79.53
2019-01-17,93.35
2019-01-18,95.7
2019-01-19,84.8
2019-01-20,83.05
2019-01-21,86.92
2019-01-22,87.45
2019-01-23,82.45
2019-01-24,79.46
2019-01-25,88.01
2019-01-26,88.89
2019-01-27,82.48
2019-01-28,90.41
2019-01-29,86.3
2019-01-30,85.78
2019-01-31,88.96
2019-02-01,91.49
2019-02-02,94.12
2019-02-03,84.07
2019-02-04,90.17
2019-02-05,94.68
2019-02-06,91.6
2019-02-07,104.18
2019-02-08,98.67
2019-02-09,90.98
2019-02-10,94.85
2019-02-11,95.67
2019-02-12,90.68
2019-02-13,94.32
2019-02-14,96.74
2019-02-15,86.19
2019-02-16,93.46
2019-02-17,95.52
2019-02-18,98.24
2019-02-19,100.19
2019-02-20,102.4
2019-02-21,90.05
2019-02-22,86.92
2019-02-23,90.04
2019-02-24,91.08
2019-02-25,102.37
2019-02-26,100.03
2019-02-27,107.73
2019-02-28,100.77
2019-03-01,95.3
2019-03-02,102.61
2019-03-03,96.77
2019-03-04,96.39
2019-03-05,104.74
2019-03-06,109.7
2019-03-07,111.36
2019-03-08,110.28
2019-03-09,96.42
2019-03-10,99.72
2019-03-11,101.26
2019-03-12,94.83
2019-03-13,93.53
2019-03-14,94.65
2019-03-15,95.74
2019-03-16,87.62
2019-03-17,96.0
2019-03-18,109.02
2019-03-19,110.67
2019-03-20,108.01
2019-03-21,105.81
2019-03-22,102.77
2019-03-23,108.32
2019-03-24,108.22
2019-03-25,105.88
2019-03-26,99.89
2019-03-27,96.45
2019-03-28,93.93
2019-03-29,97.0
2019-03-30,103.94
2019-03-31,100.14
2019-04-01,107.66
2019-04-02,109.19
2019-04-03,96.87
2019-04-04,102.43
2019-04-05,101.18
2019-04-06,100.11
2019-04-07,102.11
2019-04-08,95.26
2019-04-09,96.39
2019-04-10,100.95
2019-04-11,99.63
2019-04-12,106.89
2019-04-13,106.46
2019-04-14,111.31
2019-04-15,103.9
2019-04-16,95.58
2019-04-17,98.6
2019-04-18,102.41
2019-04-19,103.93
2019-04-20,109.53
2019-04-21,111.43
2019-04-22,97.29
2019-04-23,92.43
2019-04-24,102.71
2019-04-25,100.89
2019-04-26,98.15
2019-04-27,98.87
2019-04-28,97.66
2019-04-29,96.93
2019-04-30,99.7
2019-05-01,101.02
2019-05-02,93.57
2019-05-03,103.69
2019-05-04,108.94
2019-05-05,111.22
2019-05-06,100.93
2019-05-07,102.59
2019-05-08,97.42
2019-05-09,92.21
2019-05-10,95.81
2019-05-11,91.02
2019-05-12,101.12
2019-05-13,109.3
2019-05-14,98.66
2019-05-15,92.93
2019-05-16,95.46
2019-05-17,101.67
2019-05-18,95.15
2019-05-19,93.94
2019-05-20,93.49
2019-05-21,94.46
2019-05-22,90.21
2019-05-23,89.09
2019-05-24,93.49
2019-05-25,91.93
2019-05-26,88.56
2019-05-27,91.51
2019-05-28,88.73
2019-05-29,96.49
2019-05-30,94.71
2019-05-31,84.39
2019-06-01,89.41
2019-06-02,96.0
2019-06-03,87.4
2019-06-04,91.55
2019-06-05,90.65
2019-06-06,76.47
2019-06-07,80.82
2019-06-08,95.31
2019-06-09,91.72
2019-06-10,91.06
2019-06-11,88.7
2019-06-12,84.04
2019-06-13,92.55
2019-06-14,85.23
2019-06-15,81.29
2019-06-16,82.0
2019-06-17,89.29
2019-06-18,78.6
2019-06-19,87.94
2019-06-20,94.97
2019-06-21,85.9
2019-06-22,82.56
2019-06-23,85.79
2019-06-24,85.38
2019-06-25,80.2
2019-06-26,74.87
2019-06-27,71.83
2019-06-28,82.96
2019-06-29,82.53
2019-06-30,78.19
2019-07-01,77.89
2019-07-02,85.3
2019-07-03,89.52
2019-07-04,82.02
2019-07-05,77.36
2019-07-06,80.13
2019-07-07,74.6
2019-07-08,76.33
2019-07-09,77.94
2019-07-10,78.59
2019-07-11,79.63
2019-07-12,74.32
2019-07-13,83.4
2019-07-14,80.11
2019-07-15,79.21
2019-07-16,80.66
2019-07-17,71.4
2019-07-18,77.09
2019-07-19,81.93
2019-07-20,76.05
2019-07-21,77.14
2019-07-22,83.78
2019-07-23,79.64
2019-07-24,83.1
2019-07-25,85.52
2019-07-26,78.71
2019-07-27,66.09
2019-07-28,57.13
2019-07-29,66.26
2019-07-30,72.24
2019-07-31,74.71
2019-08-01,69.1
2019-08-02,82.85
2019-08-03,76.5
2019-08-04,69.14
2019-08-05,73.05
2019-08-06,69.97
2019-08-07,73.16
2019-08-08,69.0
2019-08-09,63.27
2019-08-10,68.9
2019-08-11,80.17
2019-08-12,83.38
2019-08-13,81.36
2019-08-14,85.09
2019-08-15,77.68
2019-08-16,60.74
2019-08-17,68.64
2019-08-18,78.88
2019-08-19,76.3
2019-08-20,73.99
2019-08-21,71.7
2019-08-22,72.61
2019-08-23,67.07
2019-08-24,65.42
2019-08-25,66.91
2019-08-26,72.35
2019-08-27,76.26
2019-08-28,76.87
2019-08-29,70.35
2019-08-30,62.8
2019-08-31,66.62
2019-09-01,62.55
2019-09-02,59.65
2019-09-03,63.62
2019-09-04,65.97
2019-09-05,65.51
2019-09-06,61.75
2019-09-07,71.02
2019-09-08,70.39
2019-09-09,72.69
2019-09-10,63.23
2019-09-11,68.16
2019-09-12,64.11
2019-09-13,59.63
2019-09-14,68.22
2019-09-15,67.27
2019-09-16,65.35
2019-09-17,70.78
2019-09-18,68.54
2019-09-19,74.18
2019-09-20,76.16
2019-09-21,67.03
2019-09-22,57.65
2019-09-23,61.72
2019-09-24,63.09
2019-09-25,57.04
2019-09-26,60.8
2019-09-27,51.91
2019-09-28,54.68
2019-09-29,63.02
2019-09-30,57.51
2019-10-01,50.76
2019-10-02,60.79
2019-10-03,60.59
2019-10-04,63.14
2019-10-05,71.36
2019-10-06,61.66
2019-10-07,52.07
2019-10-08,55.81
2019-10-09,58.08
2019-10-10,58.39
2019-10-11,66.84
2019-10-12,77.67
2019-10-13,77.16
2019-10-14,68.19
2019-10-15,61.8
2019-10-16,63.09
2019-10-17,58.18
2019-10-18,59.51
2019-10-19,50.99
2019-10-20,51.89
2019-10-21,62.15
2019-10-22,61.57
2019-10-23,69.26
2019-10-24,80.48
2019-10-25,75.2
2019-10-26,72.53
2019-10-27,75.8
2019-10-28,69.99
2019-10-29,56.67
2019-10-30,67.03
2019-10-31,68.26
2019-11-01,65.97
2019-11-02,64.7
2019-11-03,68.89
2019-11-04,80.1
2019-11-05,79.08
2019-11-06,73.56
2019-11-07,75.9
2019-11-08,67.1
2019-11-09,67.05
2019-11-10,63.07
2019-11-11,62.1
2019-11-12,79.36
2019-11-13,68.3
2019-11-14,61.27
2019-11-15,77.77
2019-11-16,77.27
2019-11-17,72.62
2019-11-18,66.81
2019-11-19,71.74
2019-11-20,71.21
2019-11-21,67.87
2019-11-22,61.37
2019-11-23,57.6
2019-11-24,61.08
2019-11-25,56.42
2019-11-26,69.22
2019-11-27,80.73
2019-11-28,78.49
2019-11-29,74.04
2019-11-30,81.59
2019-12-01,75.96
2019-12-02,75.46
2019-12-03,78.93
2019-12-04,77.12
2019-12-05,62.44
2019-12-06,61.98
2019-12-07,69.71
2019-12-08,80.74
2019-12-09,88.56
2019-12-10,82.52
2019-12-11,73.18
2019-12-12,79.99
2019-12-13,85.37
2019-12-14,83.78
2019-12-15,79.98
2019-12-16,87.66
2019-12-17,82.56
2019-12-18,75.52
2019-12-19,76.67
2019-12-20,75.83
2019-12-21,78.87
2019-12-22,86.0
2019-12-23,78.4
2019-12-24,79.06
2019-12-25,90.92
2019-12-26,81.68
2019-12-27,73.37
2019-12-28,72.32
2019-12-29,75.09
2019-12-30,84.21
2019-12-31,89.07
2020-01-01,86.8
2020-01-02,86.88
2020-01-03,86.28
2020-01-04,92.44
2020-01-05,90.48
2020-01-06,91.09
2020-01-07,88.38
2020-01-08,86.93
2020-01-09,90.62
2020-01-10,76.09
2020-01-11,84.67
2020-01-12,91.18
2020-01-13,89.06
2020-01-14,82.05
2020-01-15,85.41
2020-01-16,93.6
2020-01-17,90.03
2020-01-18,91.65
2020-01-19,84.08
2020-01-20,84.4
2020-01-21,90.09
2020-01-22,92.95
2020-01-23,104.57
2020-01-24,99.57
2020-01-25,100.32
2020-01-26,93.33
2020-01-27,94.33
2020-01-28,97.15
2020-01-29,93.78
2020-01-30,98.62
2020-01-31,99.42
2020-02-01,92.29
2020-02-02,81.94
2020-02-03,90.09
2020-02-04,102.1
2020-02-05,97.24
2020-02-06,91.54
2020-02-07,102.17
2020-02-08,98.39
2020-02-09,96.84
2020-02-10,92.93
2020-02-11,93.8
2020-02-12,92.43
2020-02-13,94.84
2020-02-14,90.23
2020-02-15,78.95
2020-02-16,92.44
2020-02-17,107.01
2020-02-18,105.62
2020-02-19,98.51
2020-02-20,101.52
2020-02-21,102.37
2020-02-22,112.82
2020-02-23,109.97
2020-02-24,88.3
2020-02-25,90.64
2020-02-26,101.68
2020-02-27,111.71
2020-02-28,110.57
2020-02-29,110.3
2020-03-01,96.04
2020-03-02,98.55
2020-03-03,104.03
2020-03-04,106.34
2020-03-05,100.79
2020-03-06,101.42
2020-03-07,106.72
2020-03-08,112.97
2020-03-09,109.92
2020-03-10,106.73
2020-03-11,96.98
2020-03-12,98.02
2020-03-13,106.42
2020-03-14,101.6
2020-03-15,101.59
2020-03-16,97.59
2020-03-17,105.05
2020-03-18,105.34
2020-03-19,107.15
2020-03-20,111.7
2020-03-21,107.26
2020-03-22,108.25
2020-03-23,111.65
2020-03-24,110.58
2020-03-25,111.97
2020-03-26,101.86
2020-03-27,87.89
2020-03-28,87.61
2020-03-29,98.46
2020-03-30,101.97
2020-03-31,101.04
2020-04-01,100.9
2020-04-02,111.57
2020-04-03,108.88
2020-04-04,105.08
2020-04-05,107.44
2020-04-06,109.97
2020-04-07,102.12
2020-04-08,97.37
2020-04-09,102.4
2020-04-10,103.48
2020-04-11,96.85
2020-04-12,102.54
2020-04-13,101.54
2020-04-14,95.21
2020-04-15,106.09
2020-04-16,109.35
2020-04-17,101.65
2020-04-18,98.95
2020-04-19,109.72
2020-04-20,103.42
2020-04-21,92.63
2020-04-22,95.07
2020-04-23,98.41
2020-04-24,103.41
2020-04-25,105.19
2020-04-26,105.18
2020-04-27,102.07
2020-04-28,102.45
2020-04-29,102.12
2020-04-30,102.9
2020-05-01,105.44
2020-05-02,105.6
2020-05-03,90.11
2020-05-04,99.26
2020-05-05,119.24
2020-05-06,114.19
2020-05-07,101.74
2020-05-08,98.2
2020-05-09,105.36
2020-05-10,108.6
2020-05-11,101.79
2020-05-12,102.96
2020-05-13,103.8
2020-05-14,99.97
2020-05-15,98.88
2020-05-16,92.83
2020-05-17,90.26
2020-05-18,95.92
2020-05-19,98.46
2020-05-20,98.98
2020-05-21,102.39
2020-05-22,106.37
2020-05-23,105.38
2020-05-24,101.12
2020-05-25,90.79
2020-05-26,94.95
2020-05-27,101.69
2020-05-28,100.48
2020-05-29,98.01
2020-05-30,104.45
2020-05-31,107.83
2020-06-01,94.71
2020-06-02,97.97
2020-06-03,90.05
2020-06-04,93.52
2020-06-05,108.01
2020-06-06,93.7
2020-06-07,85.07
2020-06-08,91.42
2020-06-09,92.64
2020-06-10,95.66
2020-06-11,103.69
2020-06-12,110.3
2020-06-13,102.22
2020-06-14,92.91
2020-06-15,95.33
2020-06-16,86.35
2020-06-17,88.17
2020-06-18,92.87
2020-06-19,93.75
2020-06-20,89.72
2020-06-21,90.19
2020-06-22,95.78
2020-06-23,98.74
2020-06-24,101.12
2020-06-25,96.05
2020-06-26,94.83
2020-06-27,81.49
2020-06-28,88.01
2020-06-29,94.97
2020-06-30,83.25
2020-07-01,86.41
2020-07-02,88.98
2020-07-03,87.96
2020-07-04,86.65
2020-07-05,85.83
2020-07-06,87.65
2020-07-07,80.4
2020-07-08,79.62
2020-07-09,92.39
2020-07-10,84.23
2020-07-11,76.73
2020-07-12,79.14
2020-07-13,83.58
2020-07-14,83.33
2020-07-15,82.72
2020-07-16,82.57
2020-07-17,82.85
2020-07-18,87.47
2020-07-19,82.25
2020-07-20,80.76
2020-07-21,83.31
2020-07-22,78.06
2020-07-23,80.55
2020-07-24,76.65
2020-07-25,75.19
2020-07-26,79.89
2020-07-27,84.53
2020-07-28,73.44
2020-07-29,75.29
2020-07-30,76.81
2020-07-31,81.62
2020-08-01,79.26
2020-08-02,74.02
2020-08-03,75.03
2020-08-04,74.0
2020-08-05,78.77
2020-08-06,83.73
2020-08-07,79.14
2020-08-08,70.2
2020-08-09,69.49
2020-08-10,74.24
2020-08-11,78.53
2020-08-12,83.39
2020-08-13,75.32
2020-08-14,60.27
2020-08-15,67.34
2020-08-16,77.99
2020-08-17,75.8
2020-08-18,69.17
2020-08-19,72.79
2020-08-20,69.27
2020-08-21,68.55
2020-08-22,74.58
2020-08-23,77.74
2020-08-24,73.84
2020-08-25,68.21
2020-08-26,72.37
2020-08-27,65.02
2020-08-28,71.64
2020-08-29,80.62
2020-08-30,76.16
2020-08-31,68.32
2020-09-01,72.84
2020-09-02,77.39
2020-09-03,77.54
2020-09-04,83.28
2020-09-05,71.65
2020-09-06,67.89
2020-09-07,73.18
2020-09-08,66.33
2020-09-09,70.11
2020-09-10,77.48
2020-09-11,77.56
2020-09-12,71.71
2020-09-13,75.11
2020-09-14,73.75
2020-09-15,73.82
2020-09-16,74.89
2020-09-17,69.05
2020-09-18,66.47
2020-09-19,67.53
2020-09-20,68.19
2020-09-21,80.16
2020-09-22,76.86
2020-09-23,66.59
2020-09-24,69.87
2020-09-25,74.7
2020-09-26,66.97
2020-09-27,58.97
2020-09-28,56.86
2020-09-29,59.6
2020-09-30,59.78
2020-10-01,67.32
2020-10-02,65.17
2020-10-03,69.91
2020-10-04,64.07
2020-10-05,62.04
2020-10-06,77.24
2020-10-07,78.67
2020-10-08,64.46
2020-10-09,65.01
2020-10-10,67.68
2020-10-11,62.08
2020-10-12,68.44
2020-10-13,69.26
2020-10-14,68.4
2020-10-15,75.32
2020-10-16,75.77
2020-10-17,69.94
2020-10-18,60.51
2020-10-19,55.23
2020-10-20,59.78
2020-10-21,69.28
2020-10-22,70.97
2020-10-23,57.57
2020-10-24,62.04
2020-10-25,69.89
2020-10-26,68.0
2020-10-27,66.77
2020-10-28,70.98
2020-10-29,71.42
2020-10-30,73.8
2020-10-31,71.42
2020-11-01,65.95
2020-11-02,70.32
2020-11-03,77.0
2020-11-04,76.34
2020-11-05,79.96
2020-11-06,81.22
2020-11-07,67.72
2020-11-08,73.58
2020-11-09,79.02
2020-11-10,67.7
2020-11-11,69.41
2020-11-12,80.33
2020-11-13,73.52
2020-11-14,76.24
2020-11-15,82.97
2020-11-16,75.76
2020-11-17,73.26
2020-11-18,76.78
2020-11-19,82.76
2020-11-20,83.02
2020-11-21,73.33
2020-11-22,69.58
2020-11-23,87.79
2020-11-24,92.55
2020-11-25,86.1
2020-11-26,87.79
2020-11-27,84.5
2020-11-28,83.32
2020-11-29,76.08
2020-11-30,77.74
2020-12-01,88.9
2020-12-02,75.56
2020-12-03,78.17
2020-12-04,79.94
2020-12-05,73.82
2020-12-06,78.86
2020-12-07,82.59
2020-12-08,82.99
2020-12-09,87.86
2020-12-10,83.35
2020-12-11,80.79
2020-12-12,81.13
2020-12-13,89.6
2020-12-14,92.73
2020-12-15,78.69
2020-12-16,86.17
2020-12-17,88.55
2020-12-18,88.51
2020-12-19,96.05
2020-12-20,89.63
2020-12-21,85.07
2020-12-22,90.76
2020-12-23,92.53
2020-12-24,87.04
2020-12-25,90.73
2020-12-26,96.37
2020-12-27,85.14
2020-12-28,84.72
2020-12-29,93.15
2020-12-30,88.56
2020-12-31,89.66
2021-01-01,94.71
2021-01-02,100.14
2021-01-03,89.24
2021-01-04,84.51
2021-01-05,88.24
2021-01-06,99.7
2021-01-07,100.7
2021-01-08,92.83
2021-01-09,81.01
2021-01-10,86.6
2021-01-11,95.19
2021-01-12,97.33
2021-01-13,100.09
2021-01-14,97.92
2021-01-15,91.29
2021-01-16,89.21
2021-01-17,83.08
2021-01-18,82.83
2021-01-19,97.13
2021-01-20,105.08
2021-01-21,98.6
2021-01-22,93.58
2021-01-23,95.47
2021-01-24,101.7
2021-01-25,92.8
2021-01-26,92.06
2021-01-27,92.11
2021-01-28,92.27
2021-01-29,101.34
2021-01-30,108.34
2021-01-31,96.87
2021-02-01,101.9
2021-02-02,111.35
2021-02-03,102.66
2021-02-04,93.99
2021-02-05,105.97
2021-02-06,101.88
2021-02-07,96.71
2021-02-08,93.81
2021-02-09,100.3
2021-02-10,109.75
2021-02-11,105.63
2021-02-12,101.58
2021-02-13,108.47
2021-02-14,101.22
2021-02-15,100.93
2021-02-16,99.84
2021-02-17,99.88
2021-02-18,107.11
2021-02-19,102.37
2021-02-20,111.02
2021-02-21,113.55
2021-02-22,98.91
2021-02-23,99.25
2021-02-24,100.28
2021-02-25,103.42
2021-02-26,119.4
2021-02-27,109.21
2021-02-28,93.09
2021-03-01,103.29
2021-03-02,104.84
2021-03-03,107.27
2021-03-04,120.97
2021-03-05,113.03
2021-03-06,104.18
2021-03-07,116.93
2021-03-08,117.84
2021-03-09,100.12
2021-03-10,112.72
2021-03-11,112.81
2021-03-12,100.73
2021-03-13,102.85
2021-03-14,103.18
2021-03-15,109.96
2021-03-16,119.77
2021-03-17,116.35
2021-03-18,115.32
2021-03-19,120.32
2021-03-20,116.61
2021-03-21,102.84
2021-03-22,106.47
2021-03-23,115.8
2021-03-24,110.97
2021-03-25,95.65
2021-03-26,103.46
2021-03-27,114.72
2021-03-28,115.41
2021-03-29,114.1
2021-03-30,114.69
2021-03-31,114.03
2021-04-01,113.29
2021-04-02,118.06
2021-04-03,113.14
2021-04-04,105.42
2021-04-05,116.86
2021-04-06,123.19
2021-04-07,121.68
2021-04-08,111.07
2021-04-09,108.62
2021-04-10,106.55
2021-04-11,105.67
2021-04-12,113.23
2021-04-13,103.26
2021-04-14,113.07
2021-04-15,117.06
2021-04-16,100.76
2021-04-17,101.6
2021-04-18,113.04
2021-04-19,109.95
2021-04-20,114.51
2021-04-21,110.01
2021-04-22,103.27
2021-04-23,106.37
2021-04-24,106.09
2021-04-25,104.54
2021-04-26,102.76
2021-04-27,106.45
2021-04-28,110.7
2021-04-29,112.7
2021-04-30,118.51
2021-05-01,107.24
2021-05-02,99.19
2021-05-03,103.29
2021-05-04,103.54
2021-05-05,106.45
2021-05-06,110.77
2021-05-07,106.79
2021-05-08,102.38
2021-05-09,107.67
2021-05-10,114.37
2021-05-11,111.42
2021-05-12,104.8
2021-05-13,116.04
2021-05-14,111.91
2021-05-15,101.97
2021-05-16,94.94
2021-05-17,93.47
2021-05-18,110.2
2021-05-19,107.29
2021-05-20,96.66
2021-05-21,108.03
2021-05-22,101.5
2021-05-23,97.25
2021-05-24,101.16
2021-05-25,100.9
2021-05-26,109.23
2021-05-27,116.95
2021-05-28,119.04
2021-05-29,111.09
2021-05-30,106.26
2021-05-31,109.04
2021-06-01,100.86
2021-06-02,104.55
2021-06-03,97.88
2021-06-04,102.87
2021-06-05,109.1
2021-06-06,96.56
2021-06-07,98.54
2021-06-08,107.26
2021-06-09,97.7
2021-06-10,100.02
2021-06-11,88.7
2021-06-12,83.02
2021-06-13,94.63
2021-06-14,90.22
2021-06-15,88.76
2021-06-16,87.07
2021-06-17,87.44
2021-06-18,98.18
2021-06-19,100.77
2021-06-20,95.13
2021-06-21,95.33
2021-06-22,90.28
2021-06-23,97.15
2021-06-24,97.57
2021-06-25,95.31
2021-06-26,97.08
2021-06-27,104.05
2021-06-28,101.06
2021-06-29,107.22
2021-06-30,94.76
2021-07-01,83.66
2021-07-02,86.42
2021-07-03,82.69
2021-07-04,84.89
2021-07-05,100.01
2021-07-06,94.75
2021-07-07,85.49
2021-07-08,88.59
2021-07-09,82.95
2021-07-10,81.07
2021-07-11,95.92
2021-07-12,99.72
2021-07-13,88.33
2021-07-14,89.93
2021-07-15,85.61
2021-07-16,90.65
2021-07-17,83.23
2021-07-18,86.14
2021-07-19,85.5
2021-07-20,84.72
2021-07-21,91.4
2021-07-22,86.14
2021-07-23,80.36
2021-07-24,83.71
2021-07-25,89.34
2021-07-26,84.72
2021-07-27,79.29
2021-07-28,77.02
2021-07-29,82.22
2021-07-30,91.48
2021-07-31,81.2
2021-08-01,82.16
2021-08-02,82.58
2021-08-03,79.59
2021-08-04,80.16
2021-08-05,83.77
2021-08-06,90.65
2021-08-07,91.99
2021-08-08,83.32
2021-08-09,85.81
2021-08-10,88.51
2021-08-11,81.02
2021-08-12,73.06
2021-08-13,67.86
2021-08-14,75.76
2021-08-15,87.9
2021-08-16,77.18
2021-08-17,81.13
2021-08-18,88.02
2021-08-19,90.51
2021-08-20,79.66
2021-08-21,71.73
2021-08-22,79.41
2021-08-23,85.26
2021-08-24,87.8
2021-08-25,74.61
2021-08-26,64.34
2021-08-27,74.32
2021-08-28,76.88
2021-08-29,70.49
2021-08-30,79.27
2021-08-31,82.44
2021-09-01,78.21
2021-09-02,85.57
2021-09-03,85.09
2021-09-04,83.88
2021-09-05,80.46
2021-09-06,73.8
2021-09-07,69.81
2021-09-08,77.49
2021-09-09,84.54
2021-09-10,73.92
2021-09-11,68.47
2021-09-12,70.3
2021-09-13,77.6
2021-09-14,74.4
2021-09-15,72.69
2021-09-16,71.01
2021-09-17,71.43
2021-09-18,75.67
2021-09-19,83.25
2021-09-20,80.13
2021-09-21,77.28
2021-09-22,75.61
2021-09-23,72.14
2021-09-24,66.89
2021-09-25,69.91
2021-09-26,73.83
2021-09-27,73.19
2021-09-28,73.19
2021-09-29,69.76
2021-09-30,62.74
2021-10-01,69.21
2021-10-02,80.44
2021-10-03,83.38
2021-10-04,75.62
2021-10-05,73.4
2021-10-06,79.49
2021-10-07,83.11
2021-10-08,75.0
2021-10-09,67.28
2021-10-10,72.91
2021-10-11,85.98
2021-10-12,81.38
2021-10-13,73.03
2021-10-14,74.19
2021-10-15,71.29
2021-10-16,76.71
2021-10-17,73.13
2021-10-18,69.17
2021-10-19,69.13
2021-10-20,69.3
2021-10-21,69.56
2021-10-22,67.42
2021-10-23,67.13
2021-10-24,80.55
2021-10-25,79.75
2021-10-26,72.09
2021-10-27,79.34
2021-10-28,85.86
2021-10-29,91.76
2021-10-30,84.94
2021-10-31,72.69
2021-11-01,77.38
2021-11-02,78.06
2021-11-03,79.02
2021-11-04,83.53
2021-11-05,79.84
2021-11-06,79.49
2021-11-07,76.53
2021-11-08,72.76
2021-11-09,78.91
2021-11-10,72.2
2021-11-11,66.2
2021-11-12,71.68
2021-11-13,80.0
2021-11-14,76.01
2021-11-15,67.06
2021-11-16,84.35
2021-11-17,83.48
2021-11-18,72.25
2021-11-19,77.96
2021-11-20,84.88
2021-11-21,95.82
2021-11-22,88.19
2021-11-23,83.45
2021-11-24,86.91
2021-11-25,84.94
2021-11-26,82.47
2021-11-27,73.72
2021-11-28,75.63
2021-11-29,77.0
2021-11-30,77.87
2021-12-01,69.95
2021-12-02,77.71
2021-12-03,93.02
2021-12-04,94.88
2021-12-05,93.18
2021-12-06,81.61
2021-12-07,86.51
2021-12-08,93.44
2021-12-09,83.25
2021-12-10,84.98
2021-12-11,95.75
2021-12-12,94.79
2021-12-13,91.52
2021-12-14,87.61
2021-12-15,87.87
2021-12-16,85.26
2021-12-17,92.68
2021-12-18,93.27
2021-12-19,89.29
2021-12-20,83.23
2021-12-21,76.0
2021-12-22,81.63
2021-12-23,90.1
2021-12-24,90.73
2021-12-25,84.87
2021-12-26,98.01
2021-12-27,103.32
2021-12-28,97.42
2021-12-29,101.86
2021-12-30,101.63
2021-12-31,103.63
2022-01-01,106.66
2022-01-02,96.96
2022-01-03,91.76
2022-01-04,91.54
2022-01-05,93.05
2022-01-06,98.49
2022-01-07,93.09
2022-01-08,94.25
2022-01-09,106.34
2022-01-10,100.17
2022-01-11,103.13
2022-01-12,97.99
2022-01-13,100.26
2022-01-14,101.11
2022-01-15,104.28
2022-01-16,105.1
2022-01-17,100.48
2022-01-18,102.75
2022-01-19,98.06
2022-01-20,96.8
2022-01-21,101.82
2022-01-22,92.22
2022-01-23,96.8
2022-01-24,104.06
2022-01-25,99.03
2022-01-26,102.5
2022-01-27,114.19
2022-01-28,106.92
2022-01-29,96.4
2022-01-30,91.46
2022-01-31,97.45
2022-02-01,119.69
2022-02-02,118.14
2022-02-03,104.45
2022-02-04,104.67
2022-02-05,101.63
2022-02-06,105.52
2022-02-07,110.92
2022-02-08,109.79
2022-02-09,98.67
2022-02-10,95.99
2022-02-11,102.38
2022-02-12,111.49
2022-02-13,118.77
2022-02-14,117.14
2022-02-15,100.02
2022-02-16,98.53
2022-02-17,107.04
2022-02-18,109.62
2022-02-19,110.39
2022-02-20,108.1
2022-02-21,108.72
2022-02-22,107.0
2022-02-23,107.98
2022-02-24,122.51
2022-02-25,111.99
2022-02-26,99.24
2022-02-27,115.01
2022-02-28,119.69
2022-03-01,105.33
2022-03-02,107.46
2022-03-03,117.24
2022-03-04,119.72
2022-03-05,117.66
2022-03-06,121.66
2022-03-07,120.67
2022-03-08,118.24
2022-03-09,127.89
2022-03-10,123.52
2022-03-11,109.56
2022-03-12,120.9
2022-03-13,117.06
2022-03-14,117.0
2022-03-15,124.44
2022-03-16,115.89
2022-03-17,111.34
2022-03-18,115.88
2022-03-19,116.99
2022-03-20,124.27
2022-03-21,124.03
2022-03-22,117.92
2022-03-23,124.98
2022-03-24,114.39
2022-03-25,120.38
2022-03-26,119.8
2022-03-27,107.08
2022-03-28,111.0
2022-03-29,113.71
2022-03-30,121.07
2022-03-31,121.31
2022-04-01,113.17
2022-04-02,112.0
2022-04-03,115.43
2022-04-04,123.6
2022-04-05,122.0
2022-04-06,118.23
2022-04-07,116.26
2022-04-08,115.35
2022-04-09,107.2
2022-04-10,110.02
2022-04-11,109.52
2022-04-12,106.24
2022-04-13,110.65
2022-04-14,115.15
2022-04-15,114.07
2022-04-16,120.27
2022-04-17,124.31
2022-04-18,119.57
2022-04-19,115.71
2022-04-20,114.04
2022-04-21,106.85
2022-04-22,110.33
2022-04-23,121.09
2022-04-24,126.67
2022-04-25,124.08
2022-04-26,114.7
2022-04-27,117.59
2022-04-28,112.71
2022-04-29,101.33
2022-04-30,95.91
2022-05-01,108.78
2022-05-02,109.96
2022-05-03,112.36
2022-05-04,125.84
2022-05-05,120.21
2022-05-06,112.4
2022-05-07,125.6
2022-05-08,128.12
2022-05-09,115.35
2022-05-10,104.57
2022-05-11,103.44
2022-05-12,100.63
2022-05-13,107.28
2022-05-14,105.64
2022-05-15,100.93
2022-05-16,105.59
2022-05-17,110.62
2022-05-18,117.95
2022-05-19,111.39
2022-05-20,113.61
2022-05-21,112.75
2022-05-22,96.78
2022-05-23,95.26
2022-05-24,113.37
2022-05-25,118.4
2022-05-26,102.56
2022-05-27,94.13
2022-05-28,95.53
2022-05-29,101.85
2022-05-30,113.25
2022-05-31,110.04
2022-06-01,102.1
2022-06-02,97.8
2022-06-03,108.79
2022-06-04,105.05
2022-06-05,95.38
2022-06-06,98.81
2022-06-07,98.03
2022-06-08,93.63
2022-06-09,106.84
2022-06-10,116.39
2022-06-11,112.63
2022-06-12,110.41
2022-06-13,108.79
2022-06-14,107.57
2022-06-15,103.01
2022-06-16,101.31
2022-06-17,105.4
2022-06-18,109.08
2022-06-19,100.88
2022-06-20,94.38
2022-06-21,106.31
2022-06-22,114.25
2022-06-23,110.04
2022-06-24,108.11
2022-06-25,100.46
2022-06-26,92.09
2022-06-27,96.57
2022-06-28,88.42
2022-06-29,87.89
2022-06-30,100.58
2022-07-01,102.43
2022-07-02,97.09
2022-07-03,93.33
2022-07-04,100.23
2022-07-05,102.12
2022-07-06,85.57
2022-07-07,92.11
2022-07-08,101.77
2022-07-09,96.14
2022-07-10,87.24
2022-07-11,76.07
2022-07-12,83.31
2022-07-13,93.98
2022-07-14,97.04
2022-07-15,100.68
2022-07-16,94.4
2022-07-17,92.39
2022-07-18,87.53
2022-07-19,89.75
2022-07-20,94.24
2022-07-21,97.94
2022-07-22,98.31
2022-07-23,92.15
2022-07-24,80.77
2022-07-25,83.81
2022-07-26,91.21
2022-07-27,87.63
2022-07-28,85.6
2022-07-29,88.39
2022-07-30,94.56
2022-07-31,94.51
2022-08-01,87.27
2022-08-02,81.11
2022-08-03,76.43
2022-08-04,80.34
2022-08-05,80.79
2022-08-06,81.88
2022-08-07,85.43
2022-08-08,86.52
2022-08-09,79.63
2022-08-10,79.55
2022-08-11,81.15
2022-08-12,76.91
2022-08-13,74.72
2022-08-14,79.92
2022-08-15,80.76
2022-08-16,83.06
2022-08-17,73.45
2022-08-18,74.27
2022-08-19,80.18
2022-08-20,88.29
2022-08-21,89.77
2022-08-22,90.6
2022-08-23,88.05
2022-08-24,87.57
2022-08-25,79.94
2022-08-26,82.53
2022-08-27,85.79
2022-08-28,74.42
2022-08-29,77.82
2022-08-30,85.8
2022-08-31,93.83
2022-09-01,93.67
2022-09-02,85.56
2022-09-03,77.26
2022-09-04,77.79
2022-09-05,85.3
2022-09-06,88.38
2022-09-07,88.03
2022-09-08,82.42
2022-09-09,77.91
2022-09-10,80.29
2022-09-11,86.71
2022-09-12,77.73
2022-09-13,78.01
2022-09-14,75.07
2022-09-15,75.78
2022-09-16,83.48
2022-09-17,85.81
2022-09-18,79.75
2022-09-19,88.45
2022-09-20,89.73
2022-09-21,71.78
2022-09-22,77.17
2022-09-23,78.54
2022-09-24,81.65
2022-09-25,86.24
2022-09-26,84.39
2022-09-27,80.46
2022-09-28,67.58
2022-09-29,69.84
2022-09-30,80.91
2022-10-01,78.31
2022-10-02,68.38
2022-10-03,71.87
2022-10-04,72.49
2022-10-05,72.78
2022-10-06,73.22
2022-10-07,71.45
2022-10-08,82.96
2022-10-09,85.18
2022-10-10,78.9
2022-10-11,74.43
2022-10-12,73.17
2022-10-13,72.92
2022-10-14,80.95
2022-10-15,84.2
2022-10-16,81.75
2022-10-17,78.86
2022-10-18,77.19
2022-10-19,75.84
2022-10-20,86.41
2022-10-21,91.44
2022-10-22,85.28
2022-10-23,89.18
2022-10-24,81.23
2022-10-25,74.24
2022-10-26,80.71
2022-10-27,84.88
2022-10-28,83.4
2022-10-29,79.28
2022-10-30,79.76
2022-10-31,93.39
2022-11-01,83.95
2022-11-02,79.89
2022-11-03,85.4
2022-11-04,86.84
2022-11-05,86.32
2022-11-06,79.46
2022-11-07,82.5
2022-11-08,89.39
2022-11-09,81.91
2022-11-10,76.66
2022-11-11,80.42
2022-11-12,85.98
2022-11-13,81.7
2022-11-14,82.08
2022-11-15,83.27
2022-11-16,74.54
2022-11-17,74.5
2022-11-18,88.34
2022-11-19,97.29
2022-11-20,94.67
2022-11-21,84.87
2022-11-22,86.79
2022-11-23,87.54
2022-11-24,79.63
2022-11-25,88.79
2022-11-26,86.76
2022-11-27,84.92
2022-11-28,89.13
2022-11-29,85.97
2022-11-30,94.59
2022-12-01,93.92
2022-12-02,83.45
2022-12-03,90.64
2022-12-04,93.1
2022-12-05,90.47
2022-12-06,86.94
2022-12-07,74.84
2022-12-08,81.17
2022-12-09,88.93
2022-12-10,96.21
2022-12-11,94.01
2022-12-12,95.28
2022-12-13,103.71
2022-12-14,90.29
2022-12-15,90.05
2022-12-16,89.61
2022-12-17,82.88
2022-12-18,86.06
2022-12-19,89.61
2022-12-20,97.74
2022-12-21,101.65
2022-12-22,95.39
2022-12-23,88.51
2022-12-24,87.05
2022-12-25,93.07
2022-12-26,104.16
2022-12-27,106.78
2022-12-28,98.6
2022-12-29,93.47
2022-12-30,92.03
2022-12-31,95.22
2023-01-01,100.38
